﻿<?xml version="1.0" encoding="utf-8"?>
<publishData>
  <publishProfile publishUrl="C:\DEV\VSPrj\VS2010\pmaDashboard\pmaDashboard_Deploy" deleteExistingFiles="True" ftpAnonymousLogin="False" ftpPassiveMode="True" msdeploySite="" msdeploySiteID="" msdeployRemoteSitePhysicalPath="" msdeployAllowUntrustedCertificate="False" msdeploySkipExtraFilesOnServer="True" msdeployMarkAsApp="False" profileName="pmaDashboard" publishMethod="FileSystem" replaceMatchingFiles="False" userName="" savePWD="False" userPWD="" SelectedForPublish="True">
    <file relUrl="Views/Test/TestEmail.aspx" publishTime="03/12/2019 10:12:28" />
    <file relUrl="Default.aspx" publishTime="12/07/2018 15:13:49" />
    <file relUrl="Scripts/jquery-1.9.1.min.js" publishTime="01/28/2019 17:42:21" />
    <file relUrl="Content/bootstrap.min.css" publishTime="01/28/2019 17:42:21" />
    <file relUrl="Scripts/bootstrap.min.js" publishTime="01/28/2019 17:42:21" />
    <file relUrl="bin/NPOI.OpenXmlFormats.dll" publishTime="11/12/2018 02:13:34" />
    <file relUrl="Content/aia/tss-custom.css" publishTime="12/17/2018 23:50:00" />
    <file relUrl="Views/Housekeeping/ReferenceData.aspx" publishTime="03/13/2019 09:50:51" />
    <file relUrl="bin/NPOI.OpenXml4Net.dll" publishTime="11/12/2018 02:13:34" />
    <file relUrl="Web.config" publishTime="03/29/2019 16:11:40" />
    <file relUrl="Views/MAReport/BuProfileReport.aspx" publishTime="11/26/2018 06:29:02" />
    <file relUrl="Scripts/aia/tss-custom.js" publishTime="01/23/2019 16:03:17" />
    <file relUrl="Views/Housekeeping/MetricsTarget.aspx" publishTime="12/11/2018 11:57:41" />
    <file relUrl="Views/ProjectProfile/ProfileBasicTab.aspx" publishTime="03/27/2019 16:32:54" />
    <file relUrl="Views/ProjectProfile/DashboardProfileIssue.aspx" publishTime="01/30/2019 10:58:07" />
    <file relUrl="Views/ProjectProfile/ProfilePreviewDraft.aspx" publishTime="01/23/2019 16:48:06" />
    <file relUrl="bin/Quartz.pdb" publishTime="12/08/2018 00:28:46" />
    <file relUrl="Views/ProjectProfile/ProfileList.aspx" publishTime="03/27/2019 16:47:28" />
    <file relUrl="bin/quartz.config" publishTime="12/09/2018 14:23:28" />
    <file relUrl="Global.asax" publishTime="03/28/2019 18:53:38" />
    <file relUrl="bin/Common.Logging.xml" publishTime="12/08/2018 00:28:45" />
    <file relUrl="bin/pmaDashboard.xml" publishTime="03/29/2019 16:11:36" />
    <file relUrl="Views/Dashboard.aspx" publishTime="01/28/2019 17:57:10" />
    <file relUrl="Views/Housekeeping/RoleUsers.aspx" publishTime="01/17/2019 10:01:38" />
    <file relUrl="Scripts/bootstrap-multiselect/bootstrap-multiselect.js" publishTime="05/15/2018 13:01:02" />
    <file relUrl="Content/webfonts/fa-solid-900.svg" publishTime="10/30/2018 06:55:53" />
    <file relUrl="bin/Common.Logging.pdb" publishTime="12/08/2018 00:28:45" />
    <file relUrl="Content/webfonts/fa-brands-400.svg" publishTime="10/30/2018 06:55:53" />
    <file relUrl="Views/ProjectProfile/ProfilePreview.aspx" publishTime="01/23/2019 12:07:16" />
    <file relUrl="Views/ProjectProfile/Profile.Master" publishTime="12/12/2018 22:49:11" />
    <file relUrl="bin/NPOI.OOXML.dll" publishTime="11/12/2018 02:13:34" />
    <file relUrl="Views/Housekeeping/BuUsers.aspx" publishTime="12/10/2018 16:48:50" />
    <file relUrl="Views/ProjectProfile/ProfileBasicEditTab.aspx" publishTime="01/23/2019 16:17:04" />
    <file relUrl="Views/Account/Login.aspx" publishTime="01/28/2019 17:43:04" />
    <file relUrl="Views/Account/AdminLogin.aspx" publishTime="01/28/2019 17:43:15" />
    <file relUrl="Views/ProjectProfile/ProfileDraft.aspx" publishTime="03/29/2019 15:12:09" />
    <file relUrl="Views/Account/Logout.aspx" publishTime="01/28/2019 17:43:26" />
    <file relUrl="fonts/glyphicons-halflings-regular.svg" publishTime="01/28/2019 17:42:21" />
    <file relUrl="Views/Test/EmailDistribution.aspx" publishTime="03/26/2019 13:37:32" />
    <file relUrl="Views/Housekeeping/Metrics.aspx" publishTime="12/11/2018 11:57:31" />
    <file relUrl="Views/Test/ScheduleJob.aspx" publishTime="03/26/2019 13:27:31" />
    <file relUrl="Content/webfonts/fa-regular-400.svg" publishTime="10/30/2018 06:55:53" />
    <file relUrl="Views/Housekeeping/MenuFunction.aspx" publishTime="01/17/2019 10:17:07" />
    <file relUrl="Views/Security/Encrypt.aspx" publishTime="01/28/2019 17:43:46" />
    <file relUrl="bin/Quartz.xml" publishTime="12/08/2018 00:28:46" />
    <file relUrl="quartz.config" publishTime="12/09/2018 14:23:28" />
    <file relUrl="Views/Housekeeping/Authority.aspx" publishTime="12/14/2018 11:31:04" />
    <file relUrl="Site.Master" publishTime="01/28/2019 17:42:49" />
    <file relUrl="bin/log4net.dll" publishTime="11/12/2018 02:28:05" />
    <file relUrl="Views/ProjectProfile/ProfileScheduleTab.aspx" publishTime="01/29/2019 11:46:41" />
    <file relUrl="Views/Test/AppLog.aspx" publishTime="03/08/2019 13:52:14" />
    <file relUrl="bin/Report/Excel-Template/Profile_Dashboard_Template.xlsx" publishTime="12/28/2018 16:53:37" />
    <file relUrl="bin/Common.Logging.dll" publishTime="12/08/2018 00:28:45" />
    <file relUrl="Views/Housekeeping/UpdateDB.aspx" publishTime="03/27/2019 16:38:21" />
    <file relUrl="bin/pmaDashboard.pdb" publishTime="03/29/2019 16:11:36" />
    <file relUrl="Scripts/html5shiv.min.js" publishTime="11/09/2018 11:02:27" />
    <file relUrl="Scripts/respond.min.js" publishTime="11/09/2018 11:03:53" />
    <file relUrl="Views/Housekeeping/ReferenceDataCategory.aspx" publishTime="12/10/2018 16:49:32" />
    <file relUrl="bin/Common.Logging.Core.pdb" publishTime="12/08/2018 00:28:45" />
    <file relUrl="Views/Account/SessionOut.html" publishTime="01/28/2019 17:43:50" />
    <file relUrl="bin/pmaDashboard.dll" publishTime="03/29/2019 16:11:36" />
    <file relUrl="Views/Housekeeping/MetricsTargetConfig.aspx" publishTime="12/11/2018 11:58:27" />
    <file relUrl="Content/bootstrap-datetimepicker.min.css" publishTime="12/07/2018 07:36:28" />
    <file relUrl="bin/Common.Logging.Core.dll" publishTime="12/08/2018 00:28:45" />
    <file relUrl="Views/ProjectProfile/ProfileIssueTab.aspx" publishTime="01/30/2019 10:53:33" />
    <file relUrl="bin/log4net.xml" publishTime="11/12/2018 02:28:05" />
    <file relUrl="bin/NPOI.dll" publishTime="11/12/2018 02:13:34" />
    <file relUrl="Views/MAReport/BuReport.aspx" publishTime="01/22/2019 17:58:55" />
    <file relUrl="bin/Quartz.dll" publishTime="12/08/2018 00:28:46" />
    <file relUrl="log4net.config" publishTime="03/08/2019 12:28:45" />
    <file relUrl="bin/ICSharpCode.SharpZipLib.dll" publishTime="11/12/2018 02:13:34" />
    <file relUrl="bin/NPOI.xml" publishTime="11/12/2018 02:13:34" />
    <file relUrl="Content/fontawesome/all.min.css" publishTime="10/30/2018 06:55:53" />
    <file relUrl="Content/bootstrap-multiselect/bootstrap-multiselect.css" publishTime="12/07/2018 07:42:09" />
    <file relUrl="Views/ProjectProfile/ProfileQualityTab.aspx" publishTime="01/30/2019 15:52:13" />
    <file relUrl="Views/ProjectProfile/ProfileHealthTab.aspx" publishTime="12/28/2018 17:12:31" />
    <file relUrl="Scripts/bootstrap-datetimepicker/bootstrap-datetimepicker.min.js" publishTime="06/21/2018 11:01:40" />
    <file relUrl="Content/bootstrap-datetimepicker/bootstrap-datetimepicker.min.css" publishTime="12/07/2018 07:37:11" />
    <file relUrl="packages.config" publishTime="01/28/2019 17:42:21" />
    <file relUrl="bin/Common.Logging.Core.xml" publishTime="12/08/2018 00:28:45" />
    <file relUrl="Views/MAReport/MetricDataUpload.aspx" publishTime="12/11/2018 11:58:37" />
  </publishProfile>
</publishData>